{
  "Updatebookingpartially" : {
    "transaction" : "Updatebookingpartially",
    "sampleCount" : 1200,
    "errorCount" : 0,
    "errorPct" : 0.0,
    "meanResTime" : 435.71250000000003,
    "medianResTime" : 433.0,
    "minResTime" : 247.0,
    "maxResTime" : 1453.0,
    "pct1ResTime" : 571.0,
    "pct2ResTime" : 616.5000000000005,
    "pct3ResTime" : 778.96,
    "throughput" : 99.59332724707444,
    "receivedKBytesPerSec" : 90.49279245165575,
    "sentKBytesPerSec" : 30.247582786953277
  },
  "Getbooking" : {
    "transaction" : "Getbooking",
    "sampleCount" : 2400,
    "errorCount" : 0,
    "errorPct" : 0.0,
    "meanResTime" : 371.6891666666668,
    "medianResTime" : 340.0,
    "minResTime" : 244.0,
    "maxResTime" : 2604.0,
    "pct1ResTime" : 490.0,
    "pct2ResTime" : 557.0,
    "pct3ResTime" : 852.1699999999819,
    "throughput" : 182.80143194455022,
    "receivedKBytesPerSec" : 164.79620496610556,
    "sentKBytesPerSec" : 29.990859928402774
  },
  "auth" : {
    "transaction" : "auth",
    "sampleCount" : 1200,
    "errorCount" : 0,
    "errorPct" : 0.0,
    "meanResTime" : 3722.416666666669,
    "medianResTime" : 3349.5,
    "minResTime" : 1057.0,
    "maxResTime" : 12412.0,
    "pct1ResTime" : 7402.8,
    "pct2ResTime" : 8525.750000000002,
    "pct3ResTime" : 10547.65,
    "throughput" : 71.74887892376681,
    "receivedKBytesPerSec" : 54.298626681614344,
    "sentKBytesPerSec" : 17.516816143497756
  },
  "Createbooking" : {
    "transaction" : "Createbooking",
    "sampleCount" : 1200,
    "errorCount" : 0,
    "errorPct" : 0.0,
    "meanResTime" : 385.45666666666693,
    "medianResTime" : 347.0,
    "minResTime" : 246.0,
    "maxResTime" : 2350.0,
    "pct1ResTime" : 565.0,
    "pct2ResTime" : 581.0,
    "pct3ResTime" : 1075.94,
    "throughput" : 92.43568017254661,
    "receivedKBytesPerSec" : 85.35767071714682,
    "sentKBytesPerSec" : 41.97518679710368
  },
  "Total" : {
    "transaction" : "Total",
    "sampleCount" : 7200,
    "errorCount" : 0,
    "errorPct" : 0.0,
    "meanResTime" : 953.9051388888917,
    "medianResTime" : 400.0,
    "minResTime" : 244.0,
    "maxResTime" : 12412.0,
    "pct1ResTime" : 2612.100000000005,
    "pct2ResTime" : 4122.849999999999,
    "pct3ResTime" : 8296.879999999997,
    "throughput" : 399.95556049327854,
    "receivedKBytesPerSec" : 353.38890296911455,
    "sentKBytesPerSec" : 122.12184757249196
  },
  "Updatebooking" : {
    "transaction" : "Updatebooking",
    "sampleCount" : 1200,
    "errorCount" : 0,
    "errorPct" : 0.0,
    "meanResTime" : 436.46666666666647,
    "medianResTime" : 428.0,
    "minResTime" : 247.0,
    "maxResTime" : 1835.0,
    "pct1ResTime" : 554.0,
    "pct2ResTime" : 588.95,
    "pct3ResTime" : 814.94,
    "throughput" : 97.55304446792944,
    "receivedKBytesPerSec" : 88.73198825298756,
    "sentKBytesPerSec" : 48.96705552394114
  }
}