{
  "Updatebookingpartially" : {
    "transaction" : "Updatebookingpartially",
    "sampleCount" : 200,
    "errorCount" : 0,
    "errorPct" : 0.0,
    "meanResTime" : 308.6349999999999,
    "medianResTime" : 294.5,
    "minResTime" : 259.0,
    "maxResTime" : 947.0,
    "pct1ResTime" : 332.9,
    "pct2ResTime" : 359.95,
    "pct3ResTime" : 922.0,
    "throughput" : 21.84837229626393,
    "receivedKBytesPerSec" : 19.942187158619184,
    "sentKBytesPerSec" : 6.635589632947346
  },
  "Getbooking" : {
    "transaction" : "Getbooking",
    "sampleCount" : 400,
    "errorCount" : 0,
    "errorPct" : 0.0,
    "meanResTime" : 305.2250000000001,
    "medianResTime" : 296.0,
    "minResTime" : 257.0,
    "maxResTime" : 967.0,
    "pct1ResTime" : 323.90000000000003,
    "pct2ResTime" : 348.95,
    "pct3ResTime" : 494.98,
    "throughput" : 39.87638321204267,
    "receivedKBytesPerSec" : 36.120448484697434,
    "sentKBytesPerSec" : 6.54221912072575
  },
  "auth" : {
    "transaction" : "auth",
    "sampleCount" : 200,
    "errorCount" : 0,
    "errorPct" : 0.0,
    "meanResTime" : 1458.37,
    "medianResTime" : 1221.5,
    "minResTime" : 1076.0,
    "maxResTime" : 3732.0,
    "pct1ResTime" : 2323.9,
    "pct2ResTime" : 2747.7,
    "pct3ResTime" : 2987.3800000000006,
    "throughput" : 17.278617710583156,
    "receivedKBytesPerSec" : 13.135461663066955,
    "sentKBytesPerSec" : 4.218412526997841
  },
  "Createbooking" : {
    "transaction" : "Createbooking",
    "sampleCount" : 200,
    "errorCount" : 0,
    "errorPct" : 0.0,
    "meanResTime" : 304.54000000000013,
    "medianResTime" : 287.0,
    "minResTime" : 258.0,
    "maxResTime" : 1114.0,
    "pct1ResTime" : 328.9,
    "pct2ResTime" : 368.5499999999999,
    "pct3ResTime" : 986.0300000000045,
    "throughput" : 22.021581149526536,
    "receivedKBytesPerSec" : 20.409102482933275,
    "sentKBytesPerSec" : 10.000034408720545
  },
  "Total" : {
    "transaction" : "Total",
    "sampleCount" : 1200,
    "errorCount" : 0,
    "errorPct" : 0.0,
    "meanResTime" : 499.12166666666616,
    "medianResTime" : 301.0,
    "minResTime" : 257.0,
    "maxResTime" : 3732.0,
    "pct1ResTime" : 1205.9,
    "pct2ResTime" : 1340.3000000000006,
    "pct3ResTime" : 2707.6500000000005,
    "throughput" : 91.43553794574824,
    "receivedKBytesPerSec" : 81.13237199024687,
    "sentKBytesPerSec" : 27.91879381286193
  },
  "Updatebooking" : {
    "transaction" : "Updatebooking",
    "sampleCount" : 200,
    "errorCount" : 0,
    "errorPct" : 0.0,
    "meanResTime" : 312.7349999999999,
    "medianResTime" : 302.5,
    "minResTime" : 260.0,
    "maxResTime" : 1089.0,
    "pct1ResTime" : 330.0,
    "pct2ResTime" : 357.84999999999997,
    "pct3ResTime" : 925.0900000000036,
    "throughput" : 21.82453077258839,
    "receivedKBytesPerSec" : 19.91573685072021,
    "sentKBytesPerSec" : 10.954891422959406
  }
}