{
  "Updatebookingpartially" : {
    "transaction" : "Updatebookingpartially",
    "sampleCount" : 1500,
    "errorCount" : 6,
    "errorPct" : 0.4,
    "meanResTime" : 1353.009999999999,
    "medianResTime" : 1208.0,
    "minResTime" : 265.0,
    "maxResTime" : 12707.0,
    "pct1ResTime" : 1943.800000000002,
    "pct2ResTime" : 3872.5500000000047,
    "pct3ResTime" : 7460.82,
    "throughput" : 8.179736067182898,
    "receivedKBytesPerSec" : 7.455169081960956,
    "sentKBytesPerSec" : 2.483796028056495
  },
  "Getbooking" : {
    "transaction" : "Getbooking",
    "sampleCount" : 3000,
    "errorCount" : 0,
    "errorPct" : 0.0,
    "meanResTime" : 1185.9263333333329,
    "medianResTime" : 773.0,
    "minResTime" : 263.0,
    "maxResTime" : 32809.0,
    "pct1ResTime" : 1998.8000000000002,
    "pct2ResTime" : 3612.5499999999947,
    "pct3ResTime" : 8747.299999999963,
    "throughput" : 16.12253123740427,
    "receivedKBytesPerSec" : 14.603790894128712,
    "sentKBytesPerSec" : 2.6451027811366385
  },
  "auth" : {
    "transaction" : "auth",
    "sampleCount" : 1500,
    "errorCount" : 6,
    "errorPct" : 0.4,
    "meanResTime" : 7589.809333333342,
    "medianResTime" : 6088.5,
    "minResTime" : 1652.0,
    "maxResTime" : 185154.0,
    "pct1ResTime" : 11919.6,
    "pct2ResTime" : 12220.0,
    "pct3ResTime" : 15590.84,
    "throughput" : 7.907221929362151,
    "receivedKBytesPerSec" : 6.09682846270427,
    "sentKBytesPerSec" : 1.9227522074327887
  },
  "Createbooking" : {
    "transaction" : "Createbooking",
    "sampleCount" : 1500,
    "errorCount" : 0,
    "errorPct" : 0.0,
    "meanResTime" : 1192.2539999999995,
    "medianResTime" : 694.0,
    "minResTime" : 277.0,
    "maxResTime" : 33599.0,
    "pct1ResTime" : 2124.9,
    "pct2ResTime" : 3631.5000000000023,
    "pct3ResTime" : 11544.170000000002,
    "throughput" : 8.076413641601068,
    "receivedKBytesPerSec" : 7.481598396293465,
    "sentKBytesPerSec" : 3.6675120540473602
  },
  "Total" : {
    "transaction" : "Total",
    "sampleCount" : 9000,
    "errorCount" : 18,
    "errorPct" : 0.2,
    "meanResTime" : 2289.222000000001,
    "medianResTime" : 1032.0,
    "minResTime" : 263.0,
    "maxResTime" : 185154.0,
    "pct1ResTime" : 6184.500000000003,
    "pct2ResTime" : 8969.799999999996,
    "pct3ResTime" : 12461.689999999993,
    "throughput" : 46.76272075901092,
    "receivedKBytesPerSec" : 41.566162673866394,
    "sentKBytesPerSec" : 14.269936506616924
  },
  "Updatebooking" : {
    "transaction" : "Updatebooking",
    "sampleCount" : 1500,
    "errorCount" : 6,
    "errorPct" : 0.4,
    "meanResTime" : 1228.4060000000009,
    "medianResTime" : 1099.5,
    "minResTime" : 263.0,
    "maxResTime" : 16155.0,
    "pct1ResTime" : 1578.2000000000016,
    "pct2ResTime" : 2289.350000000005,
    "pct3ResTime" : 8893.720000000003,
    "throughput" : 8.159224547299026,
    "receivedKBytesPerSec" : 7.447959020974646,
    "sentKBytesPerSec" : 4.095070179530137
  }
}