{
  "Updatebookingpartially" : {
    "transaction" : "Updatebookingpartially",
    "sampleCount" : 800,
    "errorCount" : 0,
    "errorPct" : 0.0,
    "meanResTime" : 836.9425000000001,
    "medianResTime" : 786.5,
    "minResTime" : 246.0,
    "maxResTime" : 2442.0,
    "pct1ResTime" : 1156.9,
    "pct2ResTime" : 1295.85,
    "pct3ResTime" : 1542.0400000000009,
    "throughput" : 66.85609226140731,
    "receivedKBytesPerSec" : 60.76102342052482,
    "sentKBytesPerSec" : 20.304926458298514
  },
  "Getbooking" : {
    "transaction" : "Getbooking",
    "sampleCount" : 1600,
    "errorCount" : 1,
    "errorPct" : 0.0625,
    "meanResTime" : 632.0362500000002,
    "medianResTime" : 623.0,
    "minResTime" : 243.0,
    "maxResTime" : 3935.0,
    "pct1ResTime" : 932.0,
    "pct2ResTime" : 1010.9499999999998,
    "pct3ResTime" : 1497.8500000000001,
    "throughput" : 118.90606420927467,
    "receivedKBytesPerSec" : 107.27077488666767,
    "sentKBytesPerSec" : 19.508026159334126
  },
  "auth" : {
    "transaction" : "auth",
    "sampleCount" : 800,
    "errorCount" : 0,
    "errorPct" : 0.0,
    "meanResTime" : 2473.8674999999994,
    "medianResTime" : 2214.5,
    "minResTime" : 1127.0,
    "maxResTime" : 13148.0,
    "pct1ResTime" : 3648.2,
    "pct2ResTime" : 3886.7999999999997,
    "pct3ResTime" : 7544.970000000004,
    "throughput" : 49.41627030699858,
    "receivedKBytesPerSec" : 37.40990217122738,
    "sentKBytesPerSec" : 12.064519117919575
  },
  "Createbooking" : {
    "transaction" : "Createbooking",
    "sampleCount" : 800,
    "errorCount" : 0,
    "errorPct" : 0.0,
    "meanResTime" : 675.3025000000001,
    "medianResTime" : 632.0,
    "minResTime" : 244.0,
    "maxResTime" : 2785.0,
    "pct1ResTime" : 1006.0,
    "pct2ResTime" : 1012.0,
    "pct3ResTime" : 1225.5000000000005,
    "throughput" : 61.29798482874876,
    "receivedKBytesPerSec" : 56.6338906022527,
    "sentKBytesPerSec" : 27.835510688836106
  },
  "Total" : {
    "transaction" : "Total",
    "sampleCount" : 4800,
    "errorCount" : 1,
    "errorPct" : 0.020833334,
    "meanResTime" : 1016.713125000004,
    "medianResTime" : 725.0,
    "minResTime" : 243.0,
    "maxResTime" : 13148.0,
    "pct1ResTime" : 2081.0,
    "pct2ResTime" : 2772.6499999999987,
    "pct3ResTime" : 3792.9399999999987,
    "throughput" : 275.5295333218529,
    "receivedKBytesPerSec" : 243.56256906176455,
    "sentKBytesPerSec" : 84.12978589059182
  },
  "Updatebooking" : {
    "transaction" : "Updatebooking",
    "sampleCount" : 800,
    "errorCount" : 0,
    "errorPct" : 0.0,
    "meanResTime" : 850.09375,
    "medianResTime" : 829.5,
    "minResTime" : 247.0,
    "maxResTime" : 2818.0,
    "pct1ResTime" : 1184.0,
    "pct2ResTime" : 1270.5999999999995,
    "pct3ResTime" : 1418.8200000000002,
    "throughput" : 64.88766323302782,
    "receivedKBytesPerSec" : 59.03510017033011,
    "sentKBytesPerSec" : 32.57056533376591
  }
}