{
  "Updatebookingpartially" : {
    "transaction" : "Updatebookingpartially",
    "sampleCount" : 100,
    "errorCount" : 0,
    "errorPct" : 0.0,
    "meanResTime" : 332.38999999999993,
    "medianResTime" : 291.5,
    "minResTime" : 270.0,
    "maxResTime" : 1144.0,
    "pct1ResTime" : 329.0,
    "pct2ResTime" : 844.949999999996,
    "pct3ResTime" : 1141.5999999999988,
    "throughput" : 39.8406374501992,
    "receivedKBytesPerSec" : 36.06667081673307,
    "sentKBytesPerSec" : 12.10003735059761
  },
  "Getbooking" : {
    "transaction" : "Getbooking",
    "sampleCount" : 200,
    "errorCount" : 0,
    "errorPct" : 0.0,
    "meanResTime" : 300.7850000000002,
    "medianResTime" : 282.0,
    "minResTime" : 267.0,
    "maxResTime" : 1114.0,
    "pct1ResTime" : 307.5,
    "pct2ResTime" : 318.0,
    "pct3ResTime" : 1107.8300000000002,
    "throughput" : 59.68367651447329,
    "receivedKBytesPerSec" : 53.76659952253059,
    "sentKBytesPerSec" : 9.791853178155774
  },
  "auth" : {
    "transaction" : "auth",
    "sampleCount" : 100,
    "errorCount" : 0,
    "errorPct" : 0.0,
    "meanResTime" : 3154.079999999998,
    "medianResTime" : 3130.5,
    "minResTime" : 2374.0,
    "maxResTime" : 5362.0,
    "pct1ResTime" : 3589.8,
    "pct2ResTime" : 3670.7,
    "pct3ResTime" : 5345.149999999991,
    "throughput" : 18.649757553151808,
    "receivedKBytesPerSec" : 14.180372295785155,
    "sentKBytesPerSec" : 4.553163465124953
  },
  "Createbooking" : {
    "transaction" : "Createbooking",
    "sampleCount" : 100,
    "errorCount" : 0,
    "errorPct" : 0.0,
    "meanResTime" : 285.90000000000003,
    "medianResTime" : 284.0,
    "minResTime" : 269.0,
    "maxResTime" : 324.0,
    "pct1ResTime" : 298.0,
    "pct2ResTime" : 300.95,
    "pct3ResTime" : 323.90999999999997,
    "throughput" : 40.30632809351068,
    "receivedKBytesPerSec" : 37.27390669085047,
    "sentKBytesPerSec" : 18.30316656590085
  },
  "Total" : {
    "transaction" : "Total",
    "sampleCount" : 600,
    "errorCount" : 0,
    "errorPct" : 0.0,
    "meanResTime" : 781.4416666666659,
    "medianResTime" : 289.0,
    "minResTime" : 267.0,
    "maxResTime" : 5362.0,
    "pct1ResTime" : 3074.8999999999996,
    "pct2ResTime" : 3420.7999999999997,
    "pct3ResTime" : 3664.98,
    "throughput" : 88.23529411764706,
    "receivedKBytesPerSec" : 77.93600643382354,
    "sentKBytesPerSec" : 26.941636029411764
  },
  "Updatebooking" : {
    "transaction" : "Updatebooking",
    "sampleCount" : 100,
    "errorCount" : 0,
    "errorPct" : 0.0,
    "meanResTime" : 314.71000000000004,
    "medianResTime" : 303.5,
    "minResTime" : 273.0,
    "maxResTime" : 900.0,
    "pct1ResTime" : 340.9,
    "pct2ResTime" : 343.0,
    "pct3ResTime" : 894.4399999999971,
    "throughput" : 39.88831272437176,
    "receivedKBytesPerSec" : 36.20020193458316,
    "sentKBytesPerSec" : 20.022063222975667
  }
}