{
  "Updatebookingpartially" : {
    "transaction" : "Updatebookingpartially",
    "sampleCount" : 300,
    "errorCount" : 0,
    "errorPct" : 0.0,
    "meanResTime" : 275.0333333333335,
    "medianResTime" : 260.0,
    "minResTime" : 246.0,
    "maxResTime" : 428.0,
    "pct1ResTime" : 323.0,
    "pct2ResTime" : 336.95,
    "pct3ResTime" : 407.98,
    "throughput" : 34.16078342063311,
    "receivedKBytesPerSec" : 31.173049276930083,
    "sentKBytesPerSec" : 10.37500355841494
  },
  "Getbooking" : {
    "transaction" : "Getbooking",
    "sampleCount" : 600,
    "errorCount" : 0,
    "errorPct" : 0.0,
    "meanResTime" : 274.9450000000002,
    "medianResTime" : 257.0,
    "minResTime" : 245.0,
    "maxResTime" : 896.0,
    "pct1ResTime" : 330.9,
    "pct2ResTime" : 364.89999999999986,
    "pct3ResTime" : 405.98,
    "throughput" : 61.62695152013147,
    "receivedKBytesPerSec" : 55.83618464975349,
    "sentKBytesPerSec" : 10.110671733771568
  },
  "auth" : {
    "transaction" : "auth",
    "sampleCount" : 300,
    "errorCount" : 0,
    "errorPct" : 0.0,
    "meanResTime" : 1229.0400000000006,
    "medianResTime" : 1119.5,
    "minResTime" : 986.0,
    "maxResTime" : 2388.0,
    "pct1ResTime" : 1730.6000000000001,
    "pct2ResTime" : 2176.7499999999995,
    "pct3ResTime" : 2323.9700000000003,
    "throughput" : 27.19361856417694,
    "receivedKBytesPerSec" : 20.690519624728065,
    "sentKBytesPerSec" : 6.639067032269761
  },
  "Createbooking" : {
    "transaction" : "Createbooking",
    "sampleCount" : 300,
    "errorCount" : 0,
    "errorPct" : 0.0,
    "meanResTime" : 273.92999999999967,
    "medianResTime" : 257.0,
    "minResTime" : 246.0,
    "maxResTime" : 905.0,
    "pct1ResTime" : 326.70000000000044,
    "pct2ResTime" : 379.0,
    "pct3ResTime" : 427.96000000000004,
    "throughput" : 33.59838727741069,
    "receivedKBytesPerSec" : 31.1730036958226,
    "sentKBytesPerSec" : 15.257080160152313
  },
  "Total" : {
    "transaction" : "Total",
    "sampleCount" : 1800,
    "errorCount" : 0,
    "errorPct" : 0.0,
    "meanResTime" : 439.0833333333331,
    "medianResTime" : 261.0,
    "minResTime" : 245.0,
    "maxResTime" : 2388.0,
    "pct1ResTime" : 1062.0,
    "pct2ResTime" : 1211.9499999999998,
    "pct3ResTime" : 2059.94,
    "throughput" : 145.71359184003884,
    "receivedKBytesPerSec" : 129.3587590059095,
    "sentKBytesPerSec" : 44.491975633449364
  },
  "Updatebooking" : {
    "transaction" : "Updatebooking",
    "sampleCount" : 300,
    "errorCount" : 0,
    "errorPct" : 0.0,
    "meanResTime" : 306.60666666666697,
    "medianResTime" : 260.0,
    "minResTime" : 246.0,
    "maxResTime" : 563.0,
    "pct1ResTime" : 464.90000000000003,
    "pct2ResTime" : 497.95,
    "pct3ResTime" : 559.97,
    "throughput" : 33.83331453704748,
    "receivedKBytesPerSec" : 30.89933179203789,
    "sentKBytesPerSec" : 16.98273796097891
  }
}