{
  "Updatebookingpartially" : {
    "transaction" : "Updatebookingpartially",
    "sampleCount" : 2000,
    "errorCount" : 0,
    "errorPct" : 0.0,
    "meanResTime" : 5938.727999999988,
    "medianResTime" : 6403.5,
    "minResTime" : 501.0,
    "maxResTime" : 8455.0,
    "pct1ResTime" : 8062.000000000001,
    "pct2ResTime" : 8327.0,
    "pct3ResTime" : 8428.0,
    "throughput" : 59.94664748373947,
    "receivedKBytesPerSec" : 54.57088503731679,
    "sentKBytesPerSec" : 18.20645250726853
  },
  "Getbooking" : {
    "transaction" : "Getbooking",
    "sampleCount" : 4000,
    "errorCount" : 0,
    "errorPct" : 0.0,
    "meanResTime" : 2648.677500000006,
    "medianResTime" : 2700.0,
    "minResTime" : 278.0,
    "maxResTime" : 5710.0,
    "pct1ResTime" : 4376.9,
    "pct2ResTime" : 4527.0,
    "pct3ResTime" : 4602.0,
    "throughput" : 116.86338670094659,
    "receivedKBytesPerSec" : 105.71839712735188,
    "sentKBytesPerSec" : 19.17289938062405
  },
  "auth" : {
    "transaction" : "auth",
    "sampleCount" : 2000,
    "errorCount" : 0,
    "errorPct" : 0.0,
    "meanResTime" : 8218.526999999996,
    "medianResTime" : 5367.0,
    "minResTime" : 1095.0,
    "maxResTime" : 37567.0,
    "pct1ResTime" : 19672.800000000003,
    "pct2ResTime" : 35015.9,
    "pct3ResTime" : 37275.77,
    "throughput" : 53.195733702157085,
    "receivedKBytesPerSec" : 40.42086137191797,
    "sentKBytesPerSec" : 12.987239673378195
  },
  "Createbooking" : {
    "transaction" : "Createbooking",
    "sampleCount" : 2000,
    "errorCount" : 0,
    "errorPct" : 0.0,
    "meanResTime" : 2047.5345000000034,
    "medianResTime" : 1883.5,
    "minResTime" : 253.0,
    "maxResTime" : 7142.0,
    "pct1ResTime" : 3550.9,
    "pct2ResTime" : 4517.849999999999,
    "pct3ResTime" : 4570.0,
    "throughput" : 64.62661970465635,
    "receivedKBytesPerSec" : 60.01894367790093,
    "sentKBytesPerSec" : 29.347048986977736
  },
  "Total" : {
    "transaction" : "Total",
    "sampleCount" : 12000,
    "errorCount" : 0,
    "errorPct" : 0.0,
    "meanResTime" : 4507.38841666668,
    "medianResTime" : 3613.5,
    "minResTime" : 253.0,
    "maxResTime" : 37567.0,
    "pct1ResTime" : 7911.0,
    "pct2ResTime" : 8280.0,
    "pct3ResTime" : 34852.85,
    "throughput" : 280.2494219855672,
    "receivedKBytesPerSec" : 248.41141819344216,
    "sentKBytesPerSec" : 85.57094981199934
  },
  "Updatebooking" : {
    "transaction" : "Updatebooking",
    "sampleCount" : 2000,
    "errorCount" : 0,
    "errorPct" : 0.0,
    "meanResTime" : 5542.186000000001,
    "medianResTime" : 5687.5,
    "minResTime" : 302.0,
    "maxResTime" : 8448.0,
    "pct1ResTime" : 8092.9,
    "pct2ResTime" : 8207.0,
    "pct3ResTime" : 8394.0,
    "throughput" : 60.875388080599016,
    "receivedKBytesPerSec" : 55.41003854173008,
    "sentKBytesPerSec" : 30.556591282644426
  }
}