{
  "Updatebookingpartially" : {
    "transaction" : "Updatebookingpartially",
    "sampleCount" : 500,
    "errorCount" : 0,
    "errorPct" : 0.0,
    "meanResTime" : 1013.2140000000004,
    "medianResTime" : 1045.0,
    "minResTime" : 474.0,
    "maxResTime" : 1688.0,
    "pct1ResTime" : 1248.0,
    "pct2ResTime" : 1363.6999999999998,
    "pct3ResTime" : 1438.95,
    "throughput" : 65.03642039542143,
    "receivedKBytesPerSec" : 59.22785509885536,
    "sentKBytesPerSec" : 19.752272209937566
  },
  "Getbooking" : {
    "transaction" : "Getbooking",
    "sampleCount" : 1000,
    "errorCount" : 0,
    "errorPct" : 0.0,
    "meanResTime" : 590.7830000000001,
    "medianResTime" : 629.0,
    "minResTime" : 250.0,
    "maxResTime" : 1134.0,
    "pct1ResTime" : 776.0,
    "pct2ResTime" : 787.0,
    "pct3ResTime" : 834.9100000000001,
    "throughput" : 113.48161597821154,
    "receivedKBytesPerSec" : 102.63835891398094,
    "sentKBytesPerSec" : 18.618077621425332
  },
  "auth" : {
    "transaction" : "auth",
    "sampleCount" : 500,
    "errorCount" : 0,
    "errorPct" : 0.0,
    "meanResTime" : 1520.4699999999993,
    "medianResTime" : 1115.5,
    "minResTime" : 968.0,
    "maxResTime" : 3990.0,
    "pct1ResTime" : 2981.0000000000005,
    "pct2ResTime" : 3422.8999999999996,
    "pct3ResTime" : 3566.9,
    "throughput" : 47.28579534707774,
    "receivedKBytesPerSec" : 35.91430040665784,
    "sentKBytesPerSec" : 11.54438362965765
  },
  "Createbooking" : {
    "transaction" : "Createbooking",
    "sampleCount" : 500,
    "errorCount" : 0,
    "errorPct" : 0.0,
    "meanResTime" : 609.1419999999995,
    "medianResTime" : 610.0,
    "minResTime" : 335.0,
    "maxResTime" : 885.0,
    "pct1ResTime" : 797.0,
    "pct2ResTime" : 850.0,
    "pct3ResTime" : 863.0,
    "throughput" : 70.21485746383935,
    "receivedKBytesPerSec" : 64.93722352899873,
    "sentKBytesPerSec" : 31.884676485044235
  },
  "Total" : {
    "transaction" : "Total",
    "sampleCount" : 3000,
    "errorCount" : 0,
    "errorPct" : 0.0,
    "meanResTime" : 888.0896666666671,
    "medianResTime" : 780.0,
    "minResTime" : 250.0,
    "maxResTime" : 3990.0,
    "pct1ResTime" : 1209.0,
    "pct2ResTime" : 1461.9499999999998,
    "pct3ResTime" : 3314.8399999999965,
    "throughput" : 223.48033373063168,
    "receivedKBytesPerSec" : 197.93170115092371,
    "sentKBytesPerSec" : 68.23715919249106
  },
  "Updatebooking" : {
    "transaction" : "Updatebooking",
    "sampleCount" : 500,
    "errorCount" : 0,
    "errorPct" : 0.0,
    "meanResTime" : 1004.146,
    "medianResTime" : 1040.0,
    "minResTime" : 486.0,
    "maxResTime" : 1745.0,
    "pct1ResTime" : 1182.8000000000002,
    "pct2ResTime" : 1362.0,
    "pct3ResTime" : 1445.94,
    "throughput" : 65.05334374186833,
    "receivedKBytesPerSec" : 59.2071827023159,
    "sentKBytesPerSec" : 32.65372918293
  }
}